MARKER,CHROM,cM,bp
TES1019,SL3.0ch01,0,349938
CT233,SL3.0ch01,1.705,303133
tma0313,SL3.0ch01,2.934,257464
TES0856,SL3.0ch01,12.244,776085
TES0566,SL3.0ch01,13.55,1021266
TES1991,SL3.0ch01,14.719,1033559
TES1802,SL3.0ch01,20.232,1335006
TES1971,SL3.0ch01,21.826,2463177
tme0059,SL3.0ch01,22.585,1223153
TES1738,SL3.0ch01,22.973,1605953
TES0915,SL3.0ch01,23.389,1779685
cLEC-4-E12,SL3.0ch01,23.592,3172983
cLET-4-N7,SL3.0ch01,23.677,2483079
TES0233,SL3.0ch01,24.101,2119114
TES0943,SL3.0ch01,24.131,1800965
TES0327,SL3.0ch01,24.131,3319813
TES0976,SL3.0ch01,26.876,4983955
TES0277,SL3.0ch01,27.365,4157070
TES0020,SL3.0ch01,29.966,5646291
tmc0046,SL3.0ch01,31.37,49861834
TES0939,SL3.0ch01,31.588,40909374
TES0309,SL3.0ch01,31.833,13833868
tma0210,SL3.0ch01,32.573,22877493
TGS1152,SL3.0ch01,32.718,48158469
tma0096,SL3.0ch01,33.822,21876911
TES0932,SL3.0ch01,33.978,33508719
tma0171,SL3.0ch01,34.385,35870447
CT62,SL3.0ch01,34.614,65384669
T1422,SL3.0ch01,34.648,66715452
tma0211,SL3.0ch01,34.815,31043308
tmc0035,SL3.0ch01,34.827,56247393
tma0268,SL3.0ch01,35.01,23535539
tmb0113,SL3.0ch01,35.018,63962577
tma0173,SL3.0ch01,35.373,66136053
TES0812,SL3.0ch01,35.442,65175097
TES1137,SL3.0ch01,35.513,51263345
TES0408,SL3.0ch01,35.521,58934774
T1619,SL3.0ch01,36.186,5783087
TES1259,SL3.0ch01,36.43,16810192
TES0489,SL3.0ch01,36.644,66311655
TES0217,SL3.0ch01,37.721,67795376
TES0983,SL3.0ch01,39.088,67037010
cSTA-6-E19,SL3.0ch01,40.642,68666291
T1704,SL3.0ch01,41.579,69090323
SSR51,SL3.0ch01,43.2,69625259
TES0514,SL3.0ch01,43.717,69470051
TES0085,SL3.0ch01,44.104,69623839
TES0139,SL3.0ch01,48.238,71295236
TES1262,SL3.0ch01,48.518,72426066
CT231,SL3.0ch01,49.176,72705064
TES1349,SL3.0ch01,50.592,73772160
TGS1999,SL3.0ch01,50.691,70237588
TES0175,SL3.0ch01,51.294,74589548
TES1412,SL3.0ch01,51.667,75173836
cLEG-27-F13,SL3.0ch01,51.977,75269361
TES0397,SL3.0ch01,52.665,73725898
cLET-5-J13,SL3.0ch01,55.777,75891496
TES0785,SL3.0ch01,58.439,76478141
TGS3262,SL3.0ch01,58.833,75715472
SSR135,SL3.0ch01,59.46,76304862
TES1547,SL3.0ch01,60.254,76528349
C2_At4g00090,SL3.0ch01,61.015,76718622
T1162,SL3.0ch01,62.745,76723381
TES1192,SL3.0ch01,63.575,76793470
TES1166,SL3.0ch01,64.278,76599772
cLES-5-J1,SL3.0ch01,68.077,77081057
P51,SL3.0ch01,69.202,77300814
TES0967,SL3.0ch01,70.445,76894743
TGS0486,SL3.0ch01,71.81,77846927
TES1444,SL3.0ch01,82.304,78574113
SSR29,SL3.0ch01,85.056,78958171
C2_At2g38730,SL3.0ch01,88.144,79361360
TES0687,SL3.0ch01,90.794,79618355
TES0114,SL3.0ch01,94.765,80084747
cLPT-5-M7,SL3.0ch01,100.214,80797223
T1488,SL3.0ch01,103.766,81429444
TES0083,SL3.0ch01,108.945,82477970
TES1886,SL3.0ch01,110.542,82279039
TES1638,SL3.0ch01,112.686,82623116
TG142,SL3.0ch01,113.35,82703190
TES1345,SL3.0ch01,114.521,82833249
TGS1156,SL3.0ch01,114.633,82911017
TG161,SL3.0ch01,117.401,83262100
TES0859,SL3.0ch01,117.439,83766396
TES0134,SL3.0ch01,118.751,84049901
TG245,SL3.0ch01,122.53,84202162
TES1036,SL3.0ch01,124.172,85086039
T1084,SL3.0ch01,124.624,84956373
TES0219,SL3.0ch01,125.124,84978254
TES1231,SL3.0ch01,125.647,85268436
T1664,SL3.0ch01,128.453,85757166
TES1683,SL3.0ch01,128.973,85744400
TG17,SL3.0ch01,130.218,86033654
TES1396,SL3.0ch01,134.953,86247734
TES0985,SL3.0ch01,136.43,86940281
tma0143,SL3.0ch01,142.318,87955727
TES0334,SL3.0ch01,146.268,88182360
TM6,SL3.0ch01,148.543,88844725
TGS0127,SL3.0ch01,151.577,89476553
C2_At5g37260,SL3.0ch02,0,21309892
cLEC-7-P21,SL3.0ch02,2.976,12277328
TG31,SL3.0ch02,5.706,21761787
TES1791,SL3.0ch02,6.416,21673332
TES0332,SL3.0ch02,12.045,28751677
T1117,SL3.0ch02,14.887,29791903
T1238,SL3.0ch02,16.142,30527904
TES0055,SL3.0ch02,16.753,30333368
CT140,SL3.0ch02,19.351,31137799
TES0782,SL3.0ch02,21.099,32072206
T1706,SL3.0ch02,22.189,31792379
TES0872,SL3.0ch02,24.917,32277521
TES0058,SL3.0ch02,28.647,32489651
TES1542,SL3.0ch02,29.177,32527906
TES0488,SL3.0ch02,30.621,32592831
T1768,SL3.0ch02,35.54,32900412
TES0366,SL3.0ch02,36.49,32979740
TES1676,SL3.0ch02,37.94,33267466
TES0531,SL3.0ch02,39.747,33538185
TES0424,SL3.0ch02,42.052,34016436
T1668,SL3.0ch02,42.48,34056355
TES0074,SL3.0ch02,43.093,33968092
TES1081,SL3.0ch02,44.186,33805225
TES0037,SL3.0ch02,45.592,34799360
T1256,SL3.0ch02,46.272,34754862
TES0854,SL3.0ch02,47.034,34779756
T1516,SL3.0ch02,48.446,34958018
TG451,SL3.0ch02,53.334,35365416
T1654,SL3.0ch02,53.36,35368680
U242666,SL3.0ch02,56.515,36107963
T1665,SL3.0ch02,56.982,36074773
tma0105,SL3.0ch02,57.576,36023882
cLEW-17-M24,SL3.0ch02,59.745,36442069
TGS0336,SL3.0ch02,63.909,37719200
TES0458,SL3.0ch02,64.793,37089829
TES1976,SL3.0ch02,66.855,37435440
TES0742,SL3.0ch02,68.063,37460557
C2_At4g21710,SL3.0ch02,69.774,37589611
TES0234,SL3.0ch02,70.814,37684240
TES0912,SL3.0ch02,71.792,37905262
TES1691,SL3.0ch02,72.08,37723517
TES1413,SL3.0ch02,74.019,37766944
TES0811,SL3.0ch02,79.473,39294514
TES0992,SL3.0ch02,79.866,38574849
T1395,SL3.0ch02,81.854,39318283
TES1042,SL3.0ch02,82.53,38854208
TES1276,SL3.0ch02,82.993,39415402
TM20,SL3.0ch02,86.341,40437743
SSR32,SL3.0ch02,86.632,40437743
TES0614,SL3.0ch02,87.281,40196821
TES0195,SL3.0ch02,87.731,40790868
cLET-1-A5,SL3.0ch02,88.296,41128853
TES0787,SL3.0ch02,88.723,40610640
TES1579,SL3.0ch02,89.157,41109606
TES0378,SL3.0ch02,89.66,41208108
TES1132,SL3.0ch02,91.336,41617290
TES1270,SL3.0ch02,91.539,41293594
TES0602,SL3.0ch02,92.005,41465757
TES1149,SL3.0ch02,92.679,42082801
TES0470,SL3.0ch02,93.831,41548750
P18,SL3.0ch02,94.392,42294844
cLEC-7-H4,SL3.0ch02,94.482,42294844
TES1593,SL3.0ch02,95.941,42819566
TES0373,SL3.0ch02,96.873,42256556
TES1669,SL3.0ch02,97.323,43214050
TES0368,SL3.0ch02,98.503,42996281
TG48,SL3.0ch02,101.201,44043023
TES1387,SL3.0ch02,102.512,44070382
TG518,SL3.0ch02,104.283,44138484
TG337,SL3.0ch02,104.441,44138484
TES1261,SL3.0ch02,105.049,44137060
TES0533,SL3.0ch02,105.832,44252910
TES1003,SL3.0ch02,111.776,44675408
TES1711,SL3.0ch02,119.609,45347886
TG34,SL3.0ch02,123.149,45729427
TES1673,SL3.0ch02,124.942,46088100
cLPT-1-A21,SL3.0ch02,125.919,46183080
C2_At4g37130,SL3.0ch02,129.472,46432795
T1744,SL3.0ch02,130.946,46760920
T1400,SL3.0ch02,132.163,47152533
TES0513,SL3.0ch02,134.663,45680042
TES1644,SL3.0ch02,139.344,47966731
TES1753,SL3.0ch02,144.096,48266034
C2_At4g37300,SL3.0ch02,146.225,48413221
cLEX-2-I9,SL3.0ch02,147.576,48455182
TES1925,SL3.0ch02,151.9,48630700
C2_At5g40530,SL3.0ch02,154.13,48853015
TES0567,SL3.0ch02,155.127,48968512
TES0490,SL3.0ch02,155.143,49026560
T1096,SL3.0ch02,155.555,49180315
TES0088,SL3.0ch02,156.676,49260309
TG154,SL3.0ch02,158.361,49462916
TES1301,SL3.0ch02,162.611,48549063
TG479,SL3.0ch03,0,44475
TES1139,SL3.0ch03,5.635,224714
TES0894,SL3.0ch03,15.745,924463
T1286,SL3.0ch03,24.428,1383194
TGS1138,SL3.0ch03,27.735,1324942
TES1197,SL3.0ch03,29.945,1472787
TES2046,SL3.0ch03,32.899,1919676
TES0480,SL3.0ch03,35.64,1783463
TES1187,SL3.0ch03,39.365,2015901
TES0168,SL3.0ch03,43.969,46218958
tmc0055,SL3.0ch03,46.582,21993116
TES1712,SL3.0ch03,49.845,9198323
TES0392,SL3.0ch03,50.824,6982082
TES1837,SL3.0ch03,51.257,6840714
TES1434,SL3.0ch03,51.835,52971027
TGS0561,SL3.0ch03,52.803,9260376
TES1297,SL3.0ch03,53.088,7960045
TES1317,SL3.0ch03,53.41,8795583
TES1084,SL3.0ch03,53.443,8591153
TES1214,SL3.0ch03,53.558,9290768
TES1049,SL3.0ch03,53.632,8258387
tmb0008,SL3.0ch03,54.858,10153511
tmc0025,SL3.0ch03,55.845,42552471
tma0069,SL3.0ch03,57.019,18861714
tma0123,SL3.0ch03,58.664,16085098
TES0174,SL3.0ch03,58.728,50421421
tma0186,SL3.0ch03,58.787,25361628
TGS0420,SL3.0ch03,59.233,21068248
TES1623,SL3.0ch03,59.256,45597515
TES1907,SL3.0ch03,59.256,25046620
TGS2270,SL3.0ch03,59.268,36689438
TGS0544,SL3.0ch03,59.274,49617045
tmc0021,SL3.0ch03,59.458,40114520
TES1237,SL3.0ch03,59.786,46175276
TES0321,SL3.0ch03,59.871,52526786
TES0142,SL3.0ch03,59.942,46322528
TES0949,SL3.0ch03,59.962,45984875
TES1222,SL3.0ch03,59.997,51882093
TGS0534,SL3.0ch03,60.119,49656082
TES1504,SL3.0ch03,60.174,29845317
TES0293,SL3.0ch03,60.317,34619584
TES1330,SL3.0ch03,60.403,53302272
TES1253,SL3.0ch03,60.543,53531918
T1751,SL3.0ch03,61.067,11504970
TES1772,SL3.0ch03,61.303,19434184
tme0012,SL3.0ch03,61.415,53901429
TES0323,SL3.0ch03,61.688,50224657
TES0876,SL3.0ch03,62.4,52954942
TGS0500,SL3.0ch03,62.685,42448706
TES1461,SL3.0ch03,63.089,47874504
tma0181,SL3.0ch03,63.348,26195766
TES1063,SL3.0ch03,63.533,53815664
T1260,SL3.0ch03,64.324,54177864
TES1138,SL3.0ch03,65.247,46836905
TES0883,SL3.0ch03,65.628,52954927
TES1660,SL3.0ch03,67.217,53768232
T1278,SL3.0ch03,68.598,55698938
T1659,SL3.0ch03,69.442,55999137
TES1272,SL3.0ch03,70.168,55985972
TES0530,SL3.0ch03,71.597,56397143
T1511,SL3.0ch03,73.532,56698580
TES1581,SL3.0ch03,74.08,56648604
cLET-21-N18,SL3.0ch03,74.506,56780298
TES0159,SL3.0ch03,75.768,56998763
TES1256,SL3.0ch03,77.517,58102461
TES0621,SL3.0ch03,77.737,57453813
TES0877,SL3.0ch03,78.492,58102414
TES1685,SL3.0ch03,79.236,58021770
TES0461,SL3.0ch03,80.931,58611669
T1130,SL3.0ch03,81.56,58501481
TES1255,SL3.0ch03,82.974,58940256
TES0359,SL3.0ch03,84.022,59218501
TES1885,SL3.0ch03,84.887,59050038
TES0056,SL3.0ch03,85.686,58680288
TES0748,SL3.0ch03,88.041,59744795
TES0731,SL3.0ch03,91.249,59908710
TES1792,SL3.0ch03,92.316,59966121
TES0132,SL3.0ch03,93.404,60192901
TES0546,SL3.0ch03,99.862,60816707
TGS0565,SL3.0ch03,101.902,60891022
TES1714,SL3.0ch03,102.975,60983038
TES0091,SL3.0ch03,104.987,61279058
TES0646,SL3.0ch03,105.486,61331559
CT243,SL3.0ch03,107.564,61676248
TES0324,SL3.0ch03,108.181,61670174
TES1874,SL3.0ch03,108.37,61944521
TES1935,SL3.0ch03,108.669,61680038
TES0077,SL3.0ch03,111.05,62313766
TES1026,SL3.0ch03,112.666,62537241
cLET-5-F17,SL3.0ch03,117.006,62912303
TES0221,SL3.0ch03,118.802,62931303
TES0023,SL3.0ch03,123.264,63215893
TES0835,SL3.0ch03,123.545,63293574
T1143,SL3.0ch03,124.126,63409555
TES0498,SL3.0ch03,124.995,63480272
SSR31,SL3.0ch03,126.897,63815367
TES0299,SL3.0ch03,128.285,63815137
tme0045,SL3.0ch03,130.459,63985794
TG549,SL3.0ch03,130.94,64123144
tme0062,SL3.0ch03,131.964,64425757
C2_At5g49830,SL3.0ch03,133.514,64609107
TES1203,SL3.0ch03,134.524,64809350
TG244,SL3.0ch03,137.457,64733744
TES0161,SL3.0ch04,1.766,1589469
TES0030,SL3.0ch04,2.258,1207159
TGS0899,SL3.0ch04,4.687,1600502
TG15,SL3.0ch04,6.403,1686684
CT229,SL3.0ch04,9.377,1957076
TES0826,SL3.0ch04,10.022,1974234
SSR43,SL3.0ch04,11.684,2127725
TES1741,SL3.0ch04,12.77,2283549
TGS0411,SL3.0ch04,18.275,17497139
TES1023,SL3.0ch04,19.886,2955932
TES0294,SL3.0ch04,22.828,3882978
TES0968,SL3.0ch04,24.48,4203550
TES1955,SL3.0ch04,25.439,3536559
T1068,SL3.0ch04,26.353,4386453
TES0177,SL3.0ch04,27.946,4560919
TES1141,SL3.0ch04,29.566,4960151
TGS1027,SL3.0ch04,32.339,18068988
TGS0407,SL3.0ch04,32.886,17268966
TES0491,SL3.0ch04,33.782,5491361
TGS1244,SL3.0ch04,34.564,44113227
TGS2910,SL3.0ch04,34.884,22398772
tmb0140,SL3.0ch04,35.594,42389859
tma0271,SL3.0ch04,36.018,32406578
tma0228,SL3.0ch04,36.494,31657162
tmb0019,SL3.0ch04,36.625,32324869
tmc0041,SL3.0ch04,36.751,14098871
tme0078,SL3.0ch04,36.968,41915563
tma0220,SL3.0ch04,37.002,14728630
TES0484,SL3.0ch04,37.201,47205445
TGS1160,SL3.0ch04,37.343,42300502
TGS1518,SL3.0ch04,37.382,46956339
TES0734,SL3.0ch04,37.427,50902529
tma0303,SL3.0ch04,37.614,8336161
TGS0580,SL3.0ch04,38.022,40673894
TGS2134,SL3.0ch04,38.022,15457013
TGS0554,SL3.0ch04,38.031,39870700
TES0574,SL3.0ch04,38.143,5729139
tma0290,SL3.0ch04,38.964,39324238
TES1657,SL3.0ch04,39.343,44800717
TES1379,SL3.0ch04,39.668,45463895
TES1500,SL3.0ch04,40.807,9608896
TES0060,SL3.0ch04,44.201,53690424
TES1040,SL3.0ch04,44.201,53642159
CT258,SL3.0ch04,44.627,52555514
TES0476,SL3.0ch04,46.697,53080897
TG287,SL3.0ch04,49.035,53683849
TGS0602,SL3.0ch04,51.903,56098454
TES0523,SL3.0ch04,56.462,56172199
TES1709,SL3.0ch04,57.361,56935405
CT178,SL3.0ch04,58.064,56180115
T1050,SL3.0ch04,58.33,56798376
TES2033,SL3.0ch04,59.837,57582614
TES0310,SL3.0ch04,60.761,57176624
TES1210,SL3.0ch04,61.346,57179145
TES0829,SL3.0ch04,64.243,57593111
TES1180,SL3.0ch04,65.089,58193739
TES1809,SL3.0ch04,65.328,58123736
T1232,SL3.0ch04,66.074,57873142
TG574,SL3.0ch04,68.061,58453329
TES0180,SL3.0ch04,68.724,58431440
TES0287,SL3.0ch04,69.722,57350934
TES0722,SL3.0ch04,71.537,58789457
P56,SL3.0ch04,72.345,58796459
TES0032,SL3.0ch04,73.194,58757835
TES0582,SL3.0ch04,74.28,59013416
TES1921,SL3.0ch04,75.252,59674609
TES1927,SL3.0ch04,76.265,59277635
tma0100,SL3.0ch04,77.583,59386344
TG555,SL3.0ch04,78.073,59459134
TES1364,SL3.0ch04,81.073,59895649
TES0098,SL3.0ch04,84.183,60218879
T1794,SL3.0ch04,85.819,60673184
cLEC-7-M20,SL3.0ch04,85.944,60707416
CT50,SL3.0ch04,89.217,61008973
TG443,SL3.0ch04,95.421,61413832
TES1100,SL3.0ch04,101.896,61853195
TM13,SL3.0ch04,102.872,61967772
TES1513,SL3.0ch04,105.143,62137022
cLED-19-B12,SL3.0ch04,105.835,62109561
TES0051,SL3.0ch04,106.886,62069230
TES1652,SL3.0ch04,109.216,62219500
TES1505,SL3.0ch04,115.567,62803486
TES0995,SL3.0ch04,115.567,62733192
CT173,SL3.0ch04,116.936,62612040
C2_At1g47830,SL3.0ch04,120.295,62993340
T1122,SL3.0ch04,121.595,63120719
TES1225,SL3.0ch04,124.901,63994776
TG163,SL3.0ch04,126.417,63608744
TM31,SL3.0ch04,132.328,63418798
T1181,SL3.0ch05,0,81650
T1252,SL3.0ch05,0.952,345049
TES0729,SL3.0ch05,1.459,110283
TES0898,SL3.0ch05,1.915,250387
TES0430,SL3.0ch05,1.915,159209
T1440,SL3.0ch05,2.975,353566
TES0690,SL3.0ch05,3.509,189233
TEI0772,SL3.0ch05,4.218,384943
TES1770,SL3.0ch05,5.982,818979
TG623,SL3.0ch05,6.253,756355
TES0204,SL3.0ch05,7.047,960688
TES0110,SL3.0ch05,8.834,1028763
TES0460,SL3.0ch05,9.359,980002
tme0134,SL3.0ch05,10.14,979727
TES0363,SL3.0ch05,15.307,1539004
T1592,SL3.0ch05,17.003,1652536
TES0261,SL3.0ch05,19.681,1796970
TG441,SL3.0ch05,21.588,1948402
TES0053,SL3.0ch05,25.667,2164304
TES0240,SL3.0ch05,27.267,2229718
TES1224,SL3.0ch05,28.653,2246728
TES0012,SL3.0ch05,32.87,2614801
TES0155,SL3.0ch05,33.447,2622098
CT167,SL3.0ch05,34.521,2673395
TES0941,SL3.0ch05,35.42,2673128
SSR115,SL3.0ch05,36.668,2732163
TES1325,SL3.0ch05,42.535,3247468
TES0534,SL3.0ch05,43.407,3199239
TES0510,SL3.0ch05,44.959,3621055
T1335,SL3.0ch05,46.081,3637301
TES0151,SL3.0ch05,47.911,3887397
CT93,SL3.0ch05,61.444,4654140
TEI0467,SL3.0ch05,65.77,4988027
cLET-7-N9,SL3.0ch05,69,5316979
TES1230,SL3.0ch05,69.729,5230524
TES0382,SL3.0ch05,72.303,40181925
TES0062,SL3.0ch05,73.73,6223720
tma0146,SL3.0ch05,77.43,30458938
tma0252,SL3.0ch05,78.446,56504355
tmb0058,SL3.0ch05,79.444,45618872
tma0098,SL3.0ch05,80.754,21164089
TG504,SL3.0ch05,80.949,10065046
tma0053,SL3.0ch05,81.226,18438962
tma0094,SL3.0ch05,81.241,30863109
tmb0030,SL3.0ch05,81.309,27169631
tma0107,SL3.0ch05,81.32,10079097
tma0298,SL3.0ch05,81.517,48063463
TES0188,SL3.0ch05,81.945,7534706
TES0269,SL3.0ch05,82.571,22152170
TES1771,SL3.0ch05,82.754,23877025
TGS0341,SL3.0ch05,82.825,53101145
TGS0633,SL3.0ch05,82.838,24523860
TES0804,SL3.0ch05,83.038,57662202
TGS0576,SL3.0ch05,83.374,53522716
TGS0443,SL3.0ch05,83.57,56404236
TG318,SL3.0ch05,85.245,59916471
TES0145,SL3.0ch05,85.619,8175811
TES2006,SL3.0ch05,86.212,59590765
TES1318,SL3.0ch05,87.396,59828234
TES0089,SL3.0ch05,88.006,60224505
TES0045,SL3.0ch05,88.455,60367587
TES0103,SL3.0ch05,89.027,60392576
TES0358,SL3.0ch05,89.167,60958254
TES0353,SL3.0ch05,89.834,59790065
TES0454,SL3.0ch05,91.553,61422189
TES0069,SL3.0ch05,92.099,60588300
T1746,SL3.0ch05,97.215,61708146
TES1044,SL3.0ch05,99.868,61659514
CT172,SL3.0ch05,107.488,62108789
TES1750,SL3.0ch05,110.195,62296202
TES0674,SL3.0ch05,110.195,62296202
TES1594,SL3.0ch05,112.752,62354799
C2_At5g49510,SL3.0ch05,114.67,62635975
TES1265,SL3.0ch05,119.032,63011205
TES1838,SL3.0ch05,119.266,62868019
TES1307,SL3.0ch05,119.823,63042400
tma0305,SL3.0ch05,120.574,63162253
TES0599,SL3.0ch05,120.888,63358698
TES2039,SL3.0ch05,125.278,63818711
TES0099,SL3.0ch05,125.752,63667369
TG69,SL3.0ch05,128.452,63917864
TES1319,SL3.0ch05,132.909,64431098
TES1626,SL3.0ch05,133.608,64424997
TES1546,SL3.0ch05,134.076,64483236
TES0671,SL3.0ch05,134.165,64487323
TGS0242,SL3.0ch05,136.755,64594158
T1082,SL3.0ch06,1.617,922810
tme0122,SL3.0ch06,1.689,1174772
TES0428,SL3.0ch06,2.322,944231
T1636,SL3.0ch06,4.23,1644035
tmc0068,SL3.0ch06,6.355,14313904
TGS0149,SL3.0ch06,7.122,2314708
TES0628,SL3.0ch06,7.486,2226388
TES0924,SL3.0ch06,8.498,14500855
TES1873,SL3.0ch06,9.989,3221958
TGS0871,SL3.0ch06,10.408,17313119
TG178,SL3.0ch06,11.37,21040503
TGS0230,SL3.0ch06,12.76,3803955
TES0312,SL3.0ch06,17.733,28841561
tma0261,SL3.0ch06,20.19,29619369
TES1743,SL3.0ch06,27.295,30436329
C2_At4g27700,SL3.0ch06,32.828,32363177
T1079,SL3.0ch06,33.032,32436073
TES0502,SL3.0ch06,34.253,32743696
cLET-4-G23,SL3.0ch06,34.689,32619824
TES0157,SL3.0ch06,35.514,32699274
TES0449,SL3.0ch06,37.884,33365795
CT83,SL3.0ch06,38.982,33748711
TES1179,SL3.0ch06,40.179,34298403
TES1190,SL3.0ch06,41.524,34254176
TES0870,SL3.0ch06,43.47,36002243
TES0752,SL3.0ch06,44.452,35052119
TES0292,SL3.0ch06,45.716,37757329
TES0211,SL3.0ch06,46.444,35107971
TES0298,SL3.0ch06,46.727,35140796
TES0305,SL3.0ch06,47.293,39204565
TES0702,SL3.0ch06,47.55,36074981
TES0335,SL3.0ch06,47.737,36474441
TES0606,SL3.0ch06,47.954,38407245
SSR578,SL3.0ch06,48.101,38018411
TES0154,SL3.0ch06,48.241,38284894
TES1041,SL3.0ch06,48.258,37979530
TES0355,SL3.0ch06,48.258,37265998
TES1469,SL3.0ch06,48.286,36426485
TES0689,SL3.0ch06,48.319,38101098
TES1805,SL3.0ch06,48.387,38064269
TG177,SL3.0ch06,48.992,35523406
TM43,SL3.0ch06,49.68,35127131
TES0550,SL3.0ch06,50.089,34521497
TES0697,SL3.0ch06,52.39,39352104
TG365,SL3.0ch06,54.026,38968134
TES0094,SL3.0ch06,55.155,35575825
CT204,SL3.0ch06,59.89,39833440
TES0494,SL3.0ch06,61.63,40274091
TG253,SL3.0ch06,61.917,40052999
T1556,SL3.0ch06,63.951,40361408
TES0816,SL3.0ch06,67.526,41069837
TG292,SL3.0ch06,69.508,41004454
TES1899,SL3.0ch06,70.977,42126375
TES0422,SL3.0ch06,71.822,41223042
TES0014,SL3.0ch06,73.334,41546479
TES1344,SL3.0ch06,73.906,41686523
TES0660,SL3.0ch06,74.867,42232016
TES0771,SL3.0ch06,74.948,42284143
cLET-19-J2,SL3.0ch06,75.56,42267497
C2_At5g22620,SL3.0ch06,75.705,42490467
U144275,SL3.0ch06,77.176,41483220
T1169,SL3.0ch06,78.079,41145516
T1399,SL3.0ch06,79.303,42931169
TGS1973,SL3.0ch06,80.069,42355119
TES0495,SL3.0ch06,86.565,43409585
TES0945,SL3.0ch06,87.822,43590387
cLEX-2-F13,SL3.0ch06,91.086,44002035
TES1386,SL3.0ch06,94.558,44048328
cLES-1-K3,SL3.0ch06,96.506,44239245
TES1406,SL3.0ch06,99.772,44643920
TGS0588,SL3.0ch06,102.588,44718915
TES1563,SL3.0ch06,103.463,45036967
TES0213,SL3.0ch06,107.468,45960331
cLEY-13-J2,SL3.0ch06,108.045,45664514
TG115,SL3.0ch06,108.54,45635856
TES0178,SL3.0ch07,1.5,1448234
TES1816,SL3.0ch07,1.925,2235215
TES0852,SL3.0ch07,2.401,325981
TES0520,SL3.0ch07,2.711,41860
TES0584,SL3.0ch07,2.918,1742021
TES1008,SL3.0ch07,3.017,586633
TES0881,SL3.0ch07,3.161,2564811
tme0069,SL3.0ch07,3.658,1992431
TM29,SL3.0ch07,3.771,1879268
TES0181,SL3.0ch07,4.65,1722422
TES0683,SL3.0ch07,4.681,996781
TES0764,SL3.0ch07,5.231,2649744
SSR52,SL3.0ch07,6.127,2776497
cLED-21-J7,SL3.0ch07,7.853,2918313
TES0054,SL3.0ch07,10.247,3188004
TG61,SL3.0ch07,11.875,3594016
TES0407,SL3.0ch07,15.691,3991904
T1328,SL3.0ch07,17.336,4157303
TES0525,SL3.0ch07,18.197,4118300
TES0079,SL3.0ch07,20.953,11870759
TES0264,SL3.0ch07,22.724,6515333
tma0046,SL3.0ch07,24.544,7874244
TES0678,SL3.0ch07,26.054,33316579
TES1075,SL3.0ch07,26.31,52508094
tma0139,SL3.0ch07,26.393,51995128
TES1351,SL3.0ch07,26.487,14249423
tma0245,SL3.0ch07,26.855,29277886
TES0130,SL3.0ch07,26.956,25369098
tme0050,SL3.0ch07,27.162,27940489
tma0203,SL3.0ch07,27.263,43809962
tme0020,SL3.0ch07,28.267,48519537
tma0054,SL3.0ch07,28.939,5621276
tma0124,SL3.0ch07,30.132,32871262
TES1146,SL3.0ch07,30.328,12633826
TGS0176,SL3.0ch07,30.987,10643806
cLED-22-K8,SL3.0ch07,32.659,53867988
TES0357,SL3.0ch07,33.375,53867681
TG329,SL3.0ch07,34.59,54337435
TES0573,SL3.0ch07,35.275,54207853
TGS0192,SL3.0ch07,37.762,55053351
tmc0067,SL3.0ch07,38.461,55335459
TES0903,SL3.0ch07,40.902,56358043
TES1567,SL3.0ch07,41.297,56817734
tma0137,SL3.0ch07,41.628,56740029
T1510,SL3.0ch07,41.955,56967285
TES1755,SL3.0ch07,42.596,56398379
cTOB-9-O3,SL3.0ch07,42.926,57349084
TES0680,SL3.0ch07,44.357,59932277
TES1288,SL3.0ch07,44.745,58273887
TES0966,SL3.0ch07,44.745,59389272
TES0863,SL3.0ch07,44.745,58690104
TES1597,SL3.0ch07,44.888,59964409
TES1675,SL3.0ch07,45.318,59220509
TES0980,SL3.0ch07,45.598,58521152
TGS0953,SL3.0ch07,46.979,60279642
TES1057,SL3.0ch07,47.747,60725207
TES0115,SL3.0ch07,48.224,55287367
TES0986,SL3.0ch07,48.813,55381431
TG572,SL3.0ch07,49.558,61391678
SSR45,SL3.0ch07,60.414,62231782
TES1464,SL3.0ch07,63.718,62483561
TES1074,SL3.0ch07,65.368,62593057
TES1708,SL3.0ch07,68.214,62954976
TES0805,SL3.0ch07,71.173,63124520
T1366,SL3.0ch07,72.072,63221569
T1257,SL3.0ch07,72.474,63209922
TG438,SL3.0ch07,73.661,63594827
TEI0510,SL3.0ch07,73.962,63629973
TES1521,SL3.0ch07,79.057,64080787
TES1284,SL3.0ch07,79.245,63932539
TES1865,SL3.0ch07,80.451,64157050
TES0549,SL3.0ch07,93.308,64898875
TES1718,SL3.0ch07,93.936,64987632
TES0509,SL3.0ch07,94.338,65106469
TG499,SL3.0ch07,95.191,65219122
TES0999,SL3.0ch08,1.521,2446495
TES0948,SL3.0ch08,2.091,408357
tme0052,SL3.0ch08,2.319,602701
tme0016,SL3.0ch08,2.621,1112026
T1123,SL3.0ch08,2.777,1036977
TES1024,SL3.0ch08,9.115,2672663
TES1761,SL3.0ch08,9.445,2932306
TES0172,SL3.0ch08,10.377,2895286
TES0241,SL3.0ch08,10.974,2926050
TES1982,SL3.0ch08,12.108,2719040
TES1427,SL3.0ch08,16.593,3620971
TES0254,SL3.0ch08,18.492,6590307
TES0113,SL3.0ch08,20.672,3292270
TES0286,SL3.0ch08,23.396,6854546
cLEG-16-L5,SL3.0ch08,23.488,4354714
TGS0559,SL3.0ch08,24.147,10211765
TES0065,SL3.0ch08,24.385,21981446
tma0099,SL3.0ch08,24.818,23083819
TES0736,SL3.0ch08,25.101,7907783
TES0990,SL3.0ch08,25.382,47399866
TES0610,SL3.0ch08,25.389,15380284
TES0285,SL3.0ch08,25.444,49349243
TGS1172,SL3.0ch08,25.48,16763710
tma0304,SL3.0ch08,25.824,41698837
TES0515,SL3.0ch08,26.033,25432599
tma0193,SL3.0ch08,26.464,37043657
tma0260,SL3.0ch08,26.506,33297483
TEI0796,SL3.0ch08,26.872,22866670
tma0075,SL3.0ch08,27.054,41116529
tmb0063,SL3.0ch08,27.058,8566934
TES0410,SL3.0ch08,29.694,5096515
T1435,SL3.0ch08,30.785,51443870
CT228,SL3.0ch08,31.072,50956744
TES1281,SL3.0ch08,31.498,51392666
TES1350,SL3.0ch08,32.072,51729683
TES0289,SL3.0ch08,38.055,54390430
TES0923,SL3.0ch08,39.116,53631994
TG349,SL3.0ch08,39.985,54002225
TES1502,SL3.0ch08,40.478,54139828
C2_At4g32770,SL3.0ch08,44.599,54922250
TES0611,SL3.0ch08,50.852,56007524
TES1496,SL3.0ch08,55.247,57613215
TES1088,SL3.0ch08,57.756,57497334
TES0349,SL3.0ch08,58.407,57092757
TES1719,SL3.0ch08,59.512,57870762
TES1077,SL3.0ch08,60.788,57765860
TES0747,SL3.0ch08,62.245,58711145
TES0232,SL3.0ch08,63.616,57896615
TES1884,SL3.0ch08,63.863,58177768
TES1665,SL3.0ch08,64.537,58260668
TES0954,SL3.0ch08,65.325,58312099
T1341,SL3.0ch08,66.124,58211494
SSR594,SL3.0ch08,69.56,58599778
SSR38,SL3.0ch08,69.849,58599778
TES0741,SL3.0ch08,71.514,58868438
TES1833,SL3.0ch08,74.379,59674506
TES1352,SL3.0ch08,79.374,59784447
T1581,SL3.0ch08,80.139,60035752
tme0030,SL3.0ch08,80.702,59880482
TES1757,SL3.0ch08,81.022,59829868
TES1903,SL3.0ch08,82.267,60402607
TES1883,SL3.0ch08,83,60411698
tme0100,SL3.0ch08,84.782,60615411
CT148,SL3.0ch08,85.264,60442494
TES1535,SL3.0ch08,85.724,60929059
TES0248,SL3.0ch08,86.162,60840574
tme0075,SL3.0ch08,86.423,60810427
TES0052,SL3.0ch08,87.632,61123988
TES0265,SL3.0ch08,88.809,60995126
TES1969,SL3.0ch08,89.587,61232897
C2_At4g11560,SL3.0ch08,92.523,61336790
T1522,SL3.0ch08,93.692,61487932
TES1784,SL3.0ch08,94.737,61457391
TES0297,SL3.0ch08,96.632,61586507
TES0786,SL3.0ch08,99.129,61560526
TES2003,SL3.0ch08,101.413,62016511
TES1918,SL3.0ch08,102.088,62241707
TES0125,SL3.0ch08,102.088,62259853
T1433,SL3.0ch08,102.581,62107378
TES0537,SL3.0ch08,103.133,62382980
CT252,SL3.0ch08,105.351,62404274
TES0481,SL3.0ch08,106.778,62700460
cLPT-4-C24,SL3.0ch09,0,239596
TES0036,SL3.0ch09,4.224,732124
T1641,SL3.0ch09,9.185,1095221
TES1477,SL3.0ch09,10.653,1151214
TES1696,SL3.0ch09,14.358,1208365
TES1393,SL3.0ch09,24.304,1920742
TG9,SL3.0ch09,24.348,1908721
T1673,SL3.0ch09,26.778,2056497
cLET-7-O3,SL3.0ch09,29.925,2643882
SSR73,SL3.0ch09,30.241,2669084
TES1059,SL3.0ch09,31.723,3094883
TES0559,SL3.0ch09,32.89,3521375
TES1985,SL3.0ch09,38.829,3401826
TES1183,SL3.0ch09,39.146,3810081
T1617,SL3.0ch09,39.832,3741602
tma0288,SL3.0ch09,45.188,15001444
TES0551,SL3.0ch09,46.182,57666837
TES0184,SL3.0ch09,46.632,58817024
TGS0160,SL3.0ch09,47.718,58485650
tma0144,SL3.0ch09,49.435,11618628
TES1246,SL3.0ch09,50.332,54707615
TES1815,SL3.0ch09,50.532,19292532
TGS1032,SL3.0ch09,50.866,30103133
TGS0235,SL3.0ch09,50.969,50064424
TGS3078,SL3.0ch09,51.123,44355466
tmb0128,SL3.0ch09,52.287,25153019
tma0224,SL3.0ch09,52.288,35655630
tma0227,SL3.0ch09,52.633,14587875
tmb0033,SL3.0ch09,52.635,29294752
tma0067,SL3.0ch09,52.635,8001709
tma0208,SL3.0ch09,52.739,35028496
T1582,SL3.0ch09,53.139,56790118
SSR19,SL3.0ch09,53.173,6276378
CD3,SL3.0ch09,53.61,58707449
C2_At3g63200,SL3.0ch09,53.642,58896573
tme0123,SL3.0ch09,53.663,59693160
cLET-2-D4,SL3.0ch09,53.831,6097378
tma0127,SL3.0ch09,54.19,16678092
tmb0006,SL3.0ch09,57.192,60054184
TES0472,SL3.0ch09,62.377,62334333
TES0226,SL3.0ch09,66.038,63444421
TES1674,SL3.0ch09,71.523,64206665
cLES-17-G6,SL3.0ch09,71.914,64420973
TES0252,SL3.0ch09,72.459,64364349
TES0319,SL3.0ch09,75.085,64530456
TES0467,SL3.0ch09,76.708,64744428
TGS0560,SL3.0ch09,78.873,64969827
TG421,SL3.0ch09,81.9,65033979
tme0004,SL3.0ch09,82.945,65211469
TES0623,SL3.0ch09,83.559,65039913
TG424,SL3.0ch09,83.701,65429406
TES1028,SL3.0ch09,83.733,65382511
TES1891,SL3.0ch09,92.726,65914741
TES0562,SL3.0ch09,92.726,65871134
TES0842,SL3.0ch09,94.525,67136356
TES1037,SL3.0ch09,95.979,67077376
TES1576,SL3.0ch09,96.082,67115277
TES0503,SL3.0ch09,96.858,67022085
tme0072,SL3.0ch09,97.572,66371618
TES0914,SL3.0ch09,98.441,66711244
SSR599,SL3.0ch09,98.882,66501925
TES0544,SL3.0ch09,99.088,66558309
TES0889,SL3.0ch09,99.088,66512961
TES1592,SL3.0ch09,100.561,67067255
TG328,SL3.0ch09,102.385,66709447
TES0322,SL3.0ch09,104.73,66690293
T1065,SL3.0ch09,108.898,67612048
TG230,SL3.0ch10,0,1022680
cLEC-5-E20,SL3.0ch10,3.666,1177531
TES1454,SL3.0ch10,5.702,1224939
TES1154,SL3.0ch10,8.266,1427960
TGS0738,SL3.0ch10,10.541,1602307
TES1174,SL3.0ch10,11.294,1747811
T1551,SL3.0ch10,11.376,1626744
TES0171,SL3.0ch10,13.86,1837563
T1391,SL3.0ch10,19.366,1946854
TES1432,SL3.0ch10,19.934,2483680
TES1740,SL3.0ch10,20.118,2533344
TES0440,SL3.0ch10,22.625,3003512
CT234,SL3.0ch10,22.858,2641027
TES0048,SL3.0ch10,23.331,2893799
TGS1921,SL3.0ch10,27.281,3285546
TES0720,SL3.0ch10,27.5,3424875
TG560,SL3.0ch10,28.193,4402297
TES0487,SL3.0ch10,28.816,57651617
TG280,SL3.0ch10,29.228,58800944
tma0044,SL3.0ch10,29.731,29703975
TES0790,SL3.0ch10,30.291,57461284
TES1534,SL3.0ch10,30.579,21301905
cLED-11-F6,SL3.0ch10,30.758,52261199
TES1409,SL3.0ch10,30.769,52439259
TGS1918,SL3.0ch10,31.117,52118972
tma0223,SL3.0ch10,31.31,30483038
TES0393,SL3.0ch10,31.632,49923808
TES1554,SL3.0ch10,31.632,47515217
TES0444,SL3.0ch10,31.637,46804947
tma0244,SL3.0ch10,31.679,30482926
T1577,SL3.0ch10,31.683,51418400
tma0235,SL3.0ch10,31.687,48365489
TES0950,SL3.0ch10,31.762,47515217
TES1169,SL3.0ch10,31.762,41776791
TES1290,SL3.0ch10,31.762,51284163
TGS0139,SL3.0ch10,31.77,29046591
TGS1621,SL3.0ch10,31.77,9351678
TGS0520,SL3.0ch10,31.78,36486394
tma0147,SL3.0ch10,31.801,58658012
tma0089,SL3.0ch10,31.819,22665950
tmb0116,SL3.0ch10,31.819,36257971
tma0070,SL3.0ch10,31.841,44304475
TGS0204,SL3.0ch10,32.002,11346653
TGS1539,SL3.0ch10,32.057,5715534
TGS0165,SL3.0ch10,32.204,40473556
TES1762,SL3.0ch10,32.229,51603753
tma0108,SL3.0ch10,32.501,35394076
TGS0938,SL3.0ch10,32.709,51259688
TES1266,SL3.0ch10,33.903,48291447
TGS0073,SL3.0ch10,35.108,4756983
tma0118,SL3.0ch10,38.852,40473556
TG408,SL3.0ch10,40.508,59221754
TES0477,SL3.0ch10,41.478,58933599
tmc0040,SL3.0ch10,42.081,59187514
TES0642,SL3.0ch10,42.371,59294637
TES1407,SL3.0ch10,42.911,59458951
T1482,SL3.0ch10,44.378,59794762
TGS0579,SL3.0ch10,44.42,59943756
TES1859,SL3.0ch10,46.154,59772668
TES0555,SL3.0ch10,47.259,60030707
TES1756,SL3.0ch10,47.864,60142791
cLEX-11-C19,SL3.0ch10,49.776,60360907
TES1384,SL3.0ch10,49.965,60427222
TES0140,SL3.0ch10,50.359,60468478
TES1177,SL3.0ch10,52.616,60285521
cTOB-8-M7,SL3.0ch10,53.089,61138011
TES0169,SL3.0ch10,53.33,61517997
TES0040,SL3.0ch10,56.339,61856413
TES0075,SL3.0ch10,57.315,61997150
TES0485,SL3.0ch10,60.074,62182445
U241351,SL3.0ch10,61.649,62424007
TES1842,SL3.0ch10,65.573,62639481
TES0433,SL3.0ch10,65.573,62568895
TGS1951,SL3.0ch10,66.102,62774437
C2_At3g09740,SL3.0ch10,69.194,63171714
TES1540,SL3.0ch10,70.191,63159231
TES0250,SL3.0ch10,70.835,63171742
TES0545,SL3.0ch10,71.543,63072638
T1521,SL3.0ch10,77.922,63936546
TG63,SL3.0ch10,80.027,64091940
TES0718,SL3.0ch10,83.603,64373723
TES1966,SL3.0ch10,88.916,64684179
P47,SL3.0ch11,0,107620
TES1394,SL3.0ch11,0.335,139088
TES1102,SL3.0ch11,1.342,304214
TES1622,SL3.0ch11,1.995,359015
TES0402,SL3.0ch11,5.525,704823
cTOA-5-G7,SL3.0ch11,6.529,649665
TES1975,SL3.0ch11,9.214,860015
CT269,SL3.0ch11,14.408,1149693
TES1970,SL3.0ch11,16.072,1417258
TES0426,SL3.0ch11,17.201,1602453
T1657,SL3.0ch11,18.667,1360575
TES1229,SL3.0ch11,22.173,1978013
TES1021,SL3.0ch11,23.048,1738805
SSR136,SL3.0ch11,25.599,1865351
TG651,SL3.0ch11,30.728,2266975
TES1001,SL3.0ch11,32.18,3406242
T1125,SL3.0ch11,34.286,2820254
TGS2433,SL3.0ch11,36.246,3143586
TES0808,SL3.0ch11,37.419,3044631
TES0333,SL3.0ch11,38.313,3354514
TES1442,SL3.0ch11,38.466,3405648
TES0152,SL3.0ch11,42.323,4087075
TG523,SL3.0ch11,43.662,3707170
TES0011,SL3.0ch11,49.457,4475432
CT182,SL3.0ch11,50.682,4912638
TES0008,SL3.0ch11,54.115,14565030
TES1850,SL3.0ch11,57.291,35149005
SSR46,SL3.0ch11,60.644,5459843
TES0598,SL3.0ch11,61.177,46579100
C2_At4g08230,SL3.0ch11,61.859,5954773
TES0617,SL3.0ch11,63.018,7760783
TES0246,SL3.0ch11,63.672,8739750
tma0279,SL3.0ch11,65.199,24829527
TES1807,SL3.0ch11,65.399,47083155
TES0281,SL3.0ch11,65.894,8349582
TES1556,SL3.0ch11,65.988,8039163
TES1832,SL3.0ch11,66.199,30315694
TGS0410,SL3.0ch11,66.85,11784583
TES1810,SL3.0ch11,66.97,37057363
tma0035,SL3.0ch11,66.972,36172125
tma0095,SL3.0ch11,66.997,33299320
tma0170,SL3.0ch11,67.008,11660216
tma0285,SL3.0ch11,67.041,11784484
TES0608,SL3.0ch11,67.047,28614497
tma0258,SL3.0ch11,67.124,17783264
TES0434,SL3.0ch11,67.125,30623019
tma0182,SL3.0ch11,67.138,22351391
tme0119,SL3.0ch11,67.155,30549285
tma0248,SL3.0ch11,67.155,35118055
tma0187,SL3.0ch11,67.155,41081993
TES1722,SL3.0ch11,67.274,10856113
tme0007,SL3.0ch11,67.923,7140695
TES1039,SL3.0ch11,67.958,7554554
cLEX-4-G10,SL3.0ch11,68.005,7301873
cSTA-37-E18,SL3.0ch11,68.199,46409796
TES1060,SL3.0ch11,68.719,6320098
tmb0046,SL3.0ch11,68.981,5928315
TG47,SL3.0ch11,70.203,35800591
TGS0522,SL3.0ch11,72.055,13859395
TES1449,SL3.0ch11,73.379,47897980
TES0124,SL3.0ch11,73.694,48643119
TES0095,SL3.0ch11,74.032,48235974
cTOE-14-L16,SL3.0ch11,74.792,48882229
TES0899,SL3.0ch11,76.816,49221454
TES1108,SL3.0ch11,77.157,49284003
T1071,SL3.0ch11,77.547,49446274
T1648,SL3.0ch11,78.405,49084806
C2_At3g44880,SL3.0ch11,79.197,49284509
TES1000,SL3.0ch11,81.054,49267111
T1014,SL3.0ch11,83.063,49862859
TES1912,SL3.0ch11,83.991,49912379
TES0727,SL3.0ch11,85.374,49811888
TES1667,SL3.0ch11,89.94,50267185
cLET-10-O11,SL3.0ch11,91.259,50501282
TES0813,SL3.0ch11,93.3,50582843
TG36,SL3.0ch11,102.474,51492780
TES0478,SL3.0ch11,107.091,52290315
TES0344,SL3.0ch11,112.81,51419700
TES1695,SL3.0ch11,117.017,52452139
TG393,SL3.0ch11,122.288,53249496
TES1635,SL3.0ch12,7.679,208774
cLPT-6-E9,SL3.0ch12,12.168,559009
TES0618,SL3.0ch12,15.067,785004
TES1919,SL3.0ch12,18.245,1413504
TES0027,SL3.0ch12,21.438,1499366
U216669,SL3.0ch12,24.461,1348907
tme0054,SL3.0ch12,26.442,1348593
TES1515,SL3.0ch12,27.407,1566339
TES1889,SL3.0ch12,30.509,1810633
TES1420,SL3.0ch12,31.184,1759733
TEI0737,SL3.0ch12,35.647,2247454
TES1125,SL3.0ch12,37.969,3807316
TES0538,SL3.0ch12,42.386,3152241
TES0716,SL3.0ch12,43.553,3563253
T1263,SL3.0ch12,44.573,3440088
TES0316,SL3.0ch12,46.034,3710968
TES1501,SL3.0ch12,46.527,3815771
TES1978,SL3.0ch12,46.553,3870356
TES1564,SL3.0ch12,47.235,4263696
TES2042,SL3.0ch12,48.922,4914437
TG360,SL3.0ch12,50.67,4678024
TES0406,SL3.0ch12,50.816,4682090
TES1571,SL3.0ch12,51.912,5352643
TGS0752,SL3.0ch12,55.041,37354806
TES0500,SL3.0ch12,55.649,5654970
TES0471,SL3.0ch12,55.7,6354879
C2_At3g13180,SL3.0ch12,56.419,5695045
TES1779,SL3.0ch12,56.872,6457824
T1266,SL3.0ch12,57.237,47990799
TES0123,SL3.0ch12,58.252,36291100
TEI0815,SL3.0ch12,58.407,6426288
TG111,SL3.0ch12,58.579,47133269
T1684,SL3.0ch12,59.109,45650823
tma0076,SL3.0ch12,59.189,46019990
TES0367,SL3.0ch12,59.335,8877793
TGS0512,SL3.0ch12,59.508,31561378
TES1677,SL3.0ch12,59.547,14337013
TES0249,SL3.0ch12,59.615,40280677
TGS0253,SL3.0ch12,59.725,24646828
TES1016,SL3.0ch12,59.75,49501182
tmb0012,SL3.0ch12,60.027,39550575
TGS0879,SL3.0ch12,60.161,31819491
TGS0363,SL3.0ch12,60.199,24981012
TES1800,SL3.0ch12,60.203,44709482
cLPT-1-F6,SL3.0ch12,60.367,45438980
tmb0050,SL3.0ch12,60.452,16714540
tmb0101,SL3.0ch12,60.454,49841125
tma0052,SL3.0ch12,60.636,10805922
cLEG-24-B23,SL3.0ch12,60.872,45585007
tma0270,SL3.0ch12,61.132,56896593
tmb0075,SL3.0ch12,61.315,30052351
tma0197,SL3.0ch12,61.449,35593924
tmb0076,SL3.0ch12,61.473,40328655
tmb0025,SL3.0ch12,61.954,24981012
tma0022,SL3.0ch12,63.136,35488101
TES0064,SL3.0ch12,63.304,44067657
TES1421,SL3.0ch12,63.405,49933293
T1499,SL3.0ch12,63.753,47136395
tma0036,SL3.0ch12,63.926,60267067
TGS0362,SL3.0ch12,64.052,55012627
TES0317,SL3.0ch12,64.353,46223489
TES0585,SL3.0ch12,64.647,46667748
TGS0428,SL3.0ch12,64.891,52589314
TES1980,SL3.0ch12,65.367,47199064
TES1788,SL3.0ch12,65.705,46635511
TG394,SL3.0ch12,66.064,47258444
TG367,SL3.0ch12,66.188,47451525
P68,SL3.0ch12,68.062,47762779
TGS0329,SL3.0ch12,69.09,60747246
TGS0658,SL3.0ch12,69.74,37167552
TES0743,SL3.0ch12,73.03,48396651
TES1686,SL3.0ch12,73.764,48542188
P64,SL3.0ch12,74.464,61777822
tma0294,SL3.0ch12,75.63,62048237
T1483,SL3.0ch12,79.673,62393833
tme0089,SL3.0ch12,80.508,62020692
C2_At4g16580,SL3.0ch12,81.122,62655819
TES0338,SL3.0ch12,82.601,62516220
TES1152,SL3.0ch12,82.601,62563988
TES0112,SL3.0ch12,83.463,62577608
TES0717,SL3.0ch12,88.604,62957511
TES0839,SL3.0ch12,90.48,63499160
TES2045,SL3.0ch12,92.276,63553913
T1784,SL3.0ch12,94.868,63556201
TES1481,SL3.0ch12,95.66,63342227
TES0991,SL3.0ch12,98.419,63927915
TES1122,SL3.0ch12,101.659,64104193
C2_At1g48300,SL3.0ch12,105.368,64573735
TES0620,SL3.0ch12,108.966,64648396
cTOA-22-C23,SL3.0ch12,114.281,64801586
TES1724,SL3.0ch12,116.7,64941744
CD2,SL3.0ch12,120.376,65225890